{
    "loss": 146.49777221679688,
    "accuracy": 0.5179855823516846
}