{
    "loss": 7.224761962890625,
    "accuracy": 0.5035971403121948
}