{
    "loss": 60.113582611083984,
    "accuracy": 0.5035971403121948
}