{
    "loss": 20.40003204345703,
    "accuracy": 0.5035971403121948
}